{"train/learning_rate":8.000000000000001e-06,"train/epoch":0.004587682073632297,"_timestamp":1.764799077254122e+09,"train/grad_norm":4.889080047607422,"_wandb":{"runtime":262},"train/global_step":5,"_step":0,"train/loss":3.6607,"_runtime":262}