{"train/loss":0.5341,"eval/samples_per_second":8.072,"train/grad_norm":0.5038790702819824,"_wandb":{"runtime":1338},"_step":3,"_runtime":1338,"eval/runtime":24.2809,"total_flos":2.867205075881165e+16,"train/global_step":110,"train_loss":0.8951894066550515,"train_steps_per_second":0.084,"train/learning_rate":0.00019800000000000002,"eval/loss":0.5029584169387817,"train_samples_per_second":2.677,"eval/steps_per_second":2.018,"_timestamp":1.7643912281113572e+09,"train_runtime":1312.7405,"train/epoch":2}