{"train_runtime":1325.9769,"train_steps_per_second":0.042,"total_flos":2.8866130836455424e+16,"_wandb":{"runtime":1325},"_runtime":1325,"train/global_step":56,"train_samples_per_second":2.65,"train_loss":1.0873681934816497,"_timestamp":1.7645195523527267e+09,"train/loss":0.4535,"_step":11,"train/learning_rate":0.00027,"train/epoch":2,"train/grad_norm":0.3888187110424042}