{"eval/runtime":1.3328,"train_samples_per_second":0.961,"train_loss":1.4057531356811523,"eval/steps_per_second":1.501,"train/epoch":1,"train_steps_per_second":0.064,"_wandb":{"runtime":49},"train/global_step":3,"eval/samples_per_second":3.752,"_timestamp":1.764389095275101e+09,"total_flos":9.76400639729664e+14,"_runtime":49,"eval/loss":1.8347060680389404,"train_runtime":46.8122,"_step":1}