{"train_steps_per_second":0.064,"total_flos":9.76400639729664e+14,"eval/loss":1.8348515033721924,"train_loss":1.4057284990946453,"eval/steps_per_second":1.509,"_timestamp":1.7643889547915394e+09,"train_samples_per_second":0.963,"train_runtime":46.7416,"_step":1,"_runtime":47,"train/global_step":3,"train/epoch":1,"eval/samples_per_second":3.773,"eval/runtime":1.3251,"_wandb":{"runtime":47}}