{"train/epoch":2,"_step":12,"_wandb":{"runtime":1431},"eval/samples_per_second":8.082,"train/loss":0.4852,"train/grad_norm":0.3380720913410187,"train/learning_rate":0.00027,"train_loss":1.0338816217013769,"eval/loss":0.525040328502655,"train_steps_per_second":0.042,"train/global_step":56,"eval/runtime":24.2522,"train_samples_per_second":2.666,"total_flos":2.867205075881165e+16,"train_runtime":1317.8758,"eval/steps_per_second":2.02,"_runtime":1431,"_timestamp":1.7644355150330749e+09}