{"train_loss":1.2462203155864369,"train/global_step":110,"_timestamp":1.7645371736605804e+09,"_step":22,"train/loss":0.4205,"train/learning_rate":4.8943483704846475e-06,"train_runtime":1651.7014,"train_samples_per_second":1.064,"_runtime":1654,"train/grad_norm":2.736511468887329,"total_flos":4.027261365438874e+16,"train_steps_per_second":0.067,"_wandb":{"runtime":1654},"train/epoch":1}