{"train/learning_rate":0.00019800000000000002,"train_loss":1.2512935768474232,"_wandb":{"runtime":1651},"train/epoch":1,"train_steps_per_second":0.067,"train/global_step":110,"_timestamp":1.764527990153482e+09,"train_samples_per_second":1.064,"_runtime":1651,"_step":2,"train/loss":0.4802,"train_runtime":1651.2235,"train/grad_norm":4.107100963592529,"total_flos":4.027261365438874e+16}