{"train_steps_per_second":0.083,"total_flos":2.867205075881165e+16,"train_runtime":1318.2389,"train/global_step":110,"train/learning_rate":4.8943483704846475e-06,"eval/runtime":24.267,"_runtime":1343,"train_samples_per_second":2.666,"train/loss":0.546,"eval/steps_per_second":2.019,"eval/samples_per_second":8.077,"eval/loss":0.5006919503211975,"train_loss":0.8953623300248926,"_wandb":{"runtime":1343},"_step":111,"train/epoch":2,"train/grad_norm":0.3732714056968689,"_timestamp":1.7643927945702612e+09}