{"train/grad_norm":0.4069099426269531,"train_runtime":1311.6039,"train_samples_per_second":2.679,"eval/runtime":24.2763,"eval/steps_per_second":2.018,"train_steps_per_second":0.043,"train_loss":1.036725575370448,"_timestamp":1.7643956460954933e+09,"_step":12,"total_flos":2.867205075881165e+16,"_runtime":1356,"train/global_step":56,"_wandb":{"runtime":1356},"train/learning_rate":0.00027,"eval/loss":0.5229815244674683,"eval/samples_per_second":8.074,"train/epoch":2,"train/loss":0.4851}